{"cameraMode":{"drawMode":2,"name":"Shaded Wireframe","section":"Shading Mode"},"sceneLighting":true,"audioPlay":false,"sceneViewState":{"showFog":true,"showMaterialUpdate":false,"showSkybox":true,"showFlares":true,"showImageEffects":true,"showParticleSystems":true},"in2DMode":false,"pivot":{"x":-4.3378496170043949,"y":-0.5265730619430542,"z":9.113195419311524},"rotation":{"x":-0.19255171716213227,"y":0.4886469542980194,"z":-0.11152968555688858,"w":-0.8436285853385925},"size":21.460453033447267,"orthographic":false}