{"cameraMode":{"drawMode":2,"name":"Shaded Wireframe","section":"Shading Mode"},"sceneLighting":true,"audioPlay":false,"sceneViewState":{"showFog":true,"showMaterialUpdate":false,"showSkybox":true,"showFlares":true,"showImageEffects":true,"showParticleSystems":true},"in2DMode":false,"pivot":{"x":-0.24194368720054627,"y":-6.96893835067749,"z":1.740830898284912},"rotation":{"x":-0.5524322390556336,"y":0.008000054396688939,"z":-0.005301996599882841,"w":-0.8335025906562805},"size":16.788936614990236,"orthographic":false}